<?xml version="1.0" encoding="UTF-8"?>
<GenRun Id="impl_1" LaunchPart="xc7a100tcsg324-1" LaunchTime="1757505192">
  <File Type="OPT-DCP" Name="detector_101_opt.dcp"/>
  <File Type="RUN-CONSTRS" Name="$PDATADIR/runs/impl_1/constrs_in.xml"/>
  <File Type="RUN-SRCS" Name="$PDATADIR/runs/impl_1/sources.xml"/>
  <File Type="PWROPT-DCP" Name="detector_101_pwropt.dcp"/>
  <File Type="ROUTE-DCP" Name="detector_101_routed.dcp"/>
  <File Type="PA-TCL" Name="detector_101.tcl"/>
  <File Type="RUN-STRAT" Name="$PDATADIR/runs/impl_1/impl_1.psg"/>
  <File Type="OPT-DRC" Name="detector_101_drc_opted.rpt"/>
  <File Type="PWROPT-DRC" Name="detector_101_drc_pwropted.rpt"/>
  <File Type="OPT-HWDEF" Name="detector_101.hwdef"/>
  <File Type="PLACE-DCP" Name="detector_101_placed.dcp"/>
  <File Type="PLACE-IO" Name="detector_101_io_placed.rpt"/>
  <File Type="PLACE-CLK" Name="detector_101_clock_utilization_placed.rpt"/>
  <File Type="PLACE-UTIL" Name="detector_101_utilization_placed.rpt"/>
  <File Type="PLACE-UTIL-PB" Name="detector_101_utilization_placed.pb"/>
  <File Type="PLACE-CTRL" Name="detector_101_control_sets_placed.rpt"/>
  <File Type="PLACE-SIMILARITY" Name="detector_101_incremental_reuse_placed.rpt"/>
  <File Type="PLACE-PRE-SIMILARITY" Name="detector_101_incremental_reuse_pre_placed.rpt"/>
  <File Type="POSTPLACE-PWROPT-DCP" Name="detector_101_postplace_pwropt.dcp"/>
  <File Type="PHYSOPT-DCP" Name="detector_101_physopt.dcp"/>
  <File Type="RDI-RDI" Name="detector_101.vdi"/>
  <File Type="PHYSOPT-DRC" Name="detector_101_drc_physopted.rpt"/>
  <File Type="ROUTE-DRC" Name="detector_101_drc_routed.rpt"/>
  <File Type="ROUTE-DRC-PB" Name="detector_101_drc_routed.pb"/>
  <File Type="ROUTE-PWR" Name="detector_101_power_routed.rpt"/>
  <File Type="ROUTE-PWR-SUM" Name="detector_101_power_summary_routed.pb"/>
  <File Type="ROUTE-STATUS" Name="detector_101_route_status.rpt"/>
  <File Type="ROUTE-STATUS-PB" Name="detector_101_route_status.pb"/>
  <File Type="ROUTE-TIMINGSUMMARY" Name="detector_101_timing_summary_routed.rpt"/>
  <File Type="ROUTE-TIMING-PB" Name="detector_101_timing_summary_routed.pb"/>
  <File Type="ROUTE-TIMING-RPX" Name="detector_101_timing_summary_routed.rpx"/>
  <File Type="ROUTE-SIMILARITY" Name="detector_101_incremental_reuse_routed.rpt"/>
  <File Type="ROUTE-CLK" Name="detector_101_clock_utilization_routed.rpt"/>
  <File Type="POSTROUTE-PHYSOPT-DCP" Name="detector_101_postroute_physopt.dcp"/>
  <File Type="POSTROUTE-PHYSOPT-TIMING" Name="detector_101_timing_summary_postroute_physopted.rpt"/>
  <File Type="POSTROUTE-PHYSOPT-TIMING-PB" Name="detector_101_timing_summary_postroute_physopted.pb"/>
  <File Type="POSTROUTE-PHYSOPT-TIMING-RPX" Name="detector_101_timing_summary_postroute_physopted.rpx"/>
  <File Type="BG-BIT" Name="detector_101.bit"/>
  <File Type="BG-BIN" Name="detector_101.bin"/>
  <File Type="BITSTR-MSK" Name="detector_101.msk"/>
  <File Type="BITSTR-RBT" Name="detector_101.rbt"/>
  <File Type="BITSTR-NKY" Name="detector_101.nky"/>
  <File Type="BITSTR-BMM" Name="detector_101_bd.bmm"/>
  <File Type="BITSTR-MMI" Name="detector_101.mmi"/>
  <File Type="BITSTR-SYSDEF" Name="detector_101.sysdef"/>
  <File Type="BG-BGN" Name="detector_101.bgn"/>
  <File Type="BG-DRC" Name="detector_101.drc"/>
  <File Type="WBT-USG" Name="usage_statistics_webtalk.html"/>
  <FileSet Name="sources" Type="DesignSrcs" RelSrcDir="$PSRCDIR/sources_1">
    <Filter Type="Srcs"/>
    <File Path="$PSRCDIR/sources_1/new/detector_101.vhd">
      <FileInfo>
        <Attr Name="UsedIn" Val="synthesis"/>
        <Attr Name="UsedIn" Val="simulation"/>
      </FileInfo>
    </File>
    <Config>
      <Option Name="DesignMode" Val="RTL"/>
      <Option Name="TopModule" Val="detector_101"/>
      <Option Name="TopAutoSet" Val="TRUE"/>
    </Config>
  </FileSet>
  <FileSet Name="constrs_in" Type="Constrs" RelSrcDir="$PSRCDIR/constrs_1">
    <Filter Type="Constrs"/>
    <Config>
      <Option Name="ConstrsType" Val="XDC"/>
    </Config>
  </FileSet>
  <Strategy Version="1" Minor="2">
    <StratHandle Name="Vivado Implementation Defaults" Flow="Vivado Implementation 2015">
      <Desc>Vivado Implementation Defaults</Desc>
    </StratHandle>
    <Step Id="init_design"/>
    <Step Id="opt_design"/>
    <Step Id="power_opt_design"/>
    <Step Id="place_design"/>
    <Step Id="post_place_power_opt_design"/>
    <Step Id="phys_opt_design"/>
    <Step Id="route_design"/>
    <Step Id="post_route_phys_opt_design"/>
    <Step Id="write_bitstream"/>
  </Strategy>
</GenRun>
